Model,F1-Macro,Parameters,Inference Time (s),ms/sample
Baseline (LogReg),0.5081,600020,0.0539,0.034
BiLSTM,0.4912846520269136,3440788,0.09273266792297363,0.1038439730380444
DistilBERT,0.5349167387468845,66378260,0.6587250232696533,0.7376540014217843
BERT,0.5293170828317566,109497620,1.0213079452514648,1.1436819095761084
RoBERTa,0.5413579595990027,124661012,0.9761488437652588,1.0931118071279495
