Model,F1-Macro,Parameters,Inference Time (s),ms/sample
Baseline (LogReg),0.5081,600020,0.0539,0.034
BiLSTM,0.4912846520269136,3440788,0.09012222290039062,0.10092074232966475
DistilBERT,0.5349167387468845,66378260,0.6637449264526367,0.7432753935639829
BERT,0.5293170828317566,109497620,1.027493953704834,1.150609130688504
RoBERTa,0.5413579595990027,124661012,0.9724099636077881,1.0889249312517224
